Email,FirstName,LastName,Birthdate,HomePhone,MobilePhone,Fax
jfenne0@networksolutions.com,Joete,Fenne,1993-08-14,126-904-5290,144-546-6996,312-677-0246
erickell1@indiegogo.com,Etti,Rickell,1978-01-23,966-587-8712,244-422-2680,855-205-9995
jdotterill2@1688.com,Jammal,Dotterill,1991-08-06,646-906-9994,379-577-7663,308-546-3013
bsimko3@gov.uk,Bastian,Simko,1973-10-09,584-931-8435,828-142-1314,541-972-2172
cberryman4@istockphoto.com,Carmon,Berryman,1989-01-14,186-357-6384,156-790-7043,280-388-5876
kfairbeard5@geocities.jp,Krisha,Fairbeard,1975-06-21,819-984-8546,162-343-7587,791-822-5386
isize6@multiply.com,Ivonne,Size,1984-03-27,274-370-2679,954-295-8504,102-697-5285
bloins7@wired.com,Bartie,Loins,1975-05-26,572-782-9990,154-995-1761,915-344-5915
wmetheringham8@psu.edu,Witty,Metheringham,1972-11-11,318-869-8056,703-437-6292,220-874-6072
dabbiss9@goodreads.com,Durant,Abbiss,1995-04-09,254-289-9506,569-248-8101,329-201-9467
rbuckthoughta@howstuffworks.com,Revkah,Buckthought,1994-10-15,419-658-0222,847-690-8042,108-683-1021
tandererb@shop-pro.jp,Taylor,Anderer,1974-01-22,378-537-3106,417-489-8016,927-846-4590
cadlingtonc@example.com,Chrissy,Adlington,1990-11-28,975-922-3431,873-978-1897,706-213-1959
rgrattaged@apache.org,Ruggiero,Grattage,1993-10-11,441-680-0221,594-682-0894,494-382-1106
cfibbittse@dell.com,Christine,Fibbitts,1972-02-20,658-600-1585,114-205-5557,244-851-2010
lyushankinf@usa.gov,Lilla,Yushankin,1977-04-30,491-135-4171,633-429-9105,229-749-2077
llineeng@marketwatch.com,Lorne,Lineen,1984-11-27,538-733-6998,508-412-5297,334-198-5464
ndundinh@wikimedia.org,Natalya,Dundin,1990-05-17,183-834-2545,622-714-1860,867-879-2411
rrayhilli@soundcloud.com,Rosa,Rayhill,1972-03-16,994-710-2898,254-763-9284,612-467-5404
adomleoj@google.it,Andre,Domleo,1988-01-04,649-156-8114,726-526-1456,836-516-6905
hbuftonk@wordpress.com,Heddie,Bufton,1992-06-15,685-200-1016,416-267-7677,927-226-5714
rcristeal@multiply.com,Ruthi,Cristea,1988-12-10,353-628-6863,530-286-0206,347-357-3752
dturnorm@wisc.edu,Dunstan,Turnor,1994-01-22,270-390-8244,939-745-7757,792-253-8705
afernen@webnode.com,Aluin,Ferne,1978-10-21,461-529-9183,896-482-6666,662-419-6644
lhayesmano@bbb.org,Leif,Hayesman,1973-11-28,846-778-8746,151-370-7756,379-452-1308
awithefordp@bbb.org,Amble,Witheford,1979-03-12,751-987-3666,647-507-6514,779-313-1868
mchevisq@wiley.com,Mahmud,Chevis,1987-02-17,309-142-2966,849-519-6995,849-919-0238
kbergerr@1688.com,Karoly,Berger,1983-01-20,913-235-4403,542-274-0901,941-646-2735
gbahdes@qq.com,Genovera,Bahde,1976-05-21,561-741-8898,519-283-6976,937-220-8741
sarcht@gmpg.org,Sterne,Arch,1983-02-12,989-421-5998,899-351-7273,961-275-5282
tchattingtonu@princeton.edu,Tull,Chattington,1979-12-20,508-459-2242,148-781-4042,574-875-0835
mrawstornv@oracle.com,Marsh,Rawstorn,1987-01-07,240-303-9688,459-531-8554,414-531-8470
sbrockmanw@quantcast.com,Sampson,Brockman,1990-06-05,916-537-7273,750-149-3872,479-827-4218
mcoltartx@dmoz.org,Morgan,Coltart,1986-08-06,841-437-4407,701-604-3858,986-555-1912
arouty@networkadvertising.org,Andrei,Rout,1973-10-07,495-377-1051,116-595-4807,655-396-6615
mfarlhamz@google.es,Michal,Farlham,1986-11-16,193-202-1390,370-775-1394,908-307-1184
mjollye10@miitbeian.gov.cn,Mayer,Jollye,1989-11-28,516-132-8765,773-205-4019,390-922-0628
syakovich11@vk.com,Shalna,Yakovich,1972-04-05,306-108-5812,154-337-1893,830-447-5627
nfernandez12@4shared.com,Nyssa,Fernandez,1982-01-09,279-757-4865,286-859-5435,708-977-3249
ccossins13@privacy.gov.au,Casper,Cossins,1989-08-15,693-844-3261,669-782-2880,297-341-6849
slahrs14@stumbleupon.com,Shayna,Lahrs,1972-01-24,930-425-8991,687-497-1246,468-925-5364
tbentinck15@4shared.com,Trever,Bentinck,1978-06-10,964-111-8689,489-898-1920,282-936-5769
treardon16@accuweather.com,Teodora,Reardon,1981-12-20,991-934-2087,334-123-6923,904-628-1695
hgoldberg17@acquirethisname.com,Hermina,Goldberg,1985-02-08,980-894-4791,841-436-1713,981-433-3435
migoe18@washington.edu,Milli,Igoe,1987-11-10,342-713-8073,756-124-1118,283-904-1822
agouldsmith19@latimes.com,Alisun,Gouldsmith,1993-01-28,600-810-8807,598-620-3259,393-298-7524
hpharaoh1a@oracle.com,Hewett,Pharaoh,1975-07-16,391-655-0872,267-449-5255,551-349-8603
tchasle1b@seattletimes.com,Terrill,Chasle,1987-12-21,553-789-7593,273-422-7657,773-613-8822
jblanc1c@chron.com,Joann,Blanc,1994-07-21,792-419-0776,365-693-9903,501-376-5061
dshervil1d@google.ca,Damian,Shervil,1994-06-30,560-647-0697,150-473-4662,189-703-3765
kpursey1e@chron.com,Kyrstin,Pursey,1974-08-16,419-417-8203,619-890-9016,866-193-4932
tdoolan1f@state.tx.us,Town,Doolan,1993-08-25,791-315-1782,180-308-9752,347-244-6867
fhubane1g@nhs.uk,Fabio,Hubane,1991-05-03,829-246-5497,222-152-9546,905-734-1591
asommerly1h@redcross.org,Arch,Sommerly,1981-08-16,130-515-8137,481-180-7982,509-882-3118
ccruft1i@earthlink.net,Cly,Cruft,1990-06-30,527-277-7332,947-409-4471,790-324-4376
driglar1j@clickbank.net,Dimitry,Riglar,1990-11-11,826-695-5991,415-432-8958,311-592-7220
kwickey1k@linkedin.com,Kara,Wickey,1984-07-20,518-537-4831,614-850-6060,666-805-5112
zmatuschek1l@walmart.com,Zsazsa,Matuschek,1989-09-20,937-687-5943,779-162-0730,709-737-2660
cstredwick1m@google.es,Candie,Stredwick,1983-04-19,979-215-0126,722-503-7579,635-201-5478
jtrassler1n@google.com.au,Jordana,Trassler,1970-12-18,406-369-3529,881-770-1793,836-861-2421
lkew1o@gravatar.com,Luce,Kew,1984-12-16,851-430-8044,317-709-6383,574-976-9099
rdesimone1p@marriott.com,Rowen,De Simone,1975-09-05,790-834-8255,813-928-7304,793-107-5918
deivers1q@seattletimes.com,Dede,Eivers,1984-11-23,210-693-6117,775-245-4736,297-180-5298
tguswell1r@quantcast.com,Tressa,Guswell,1977-07-09,522-112-6442,881-929-0316,802-186-3919
aiglesiaz1s@theglobeandmail.com,Aili,Iglesiaz,1984-04-02,464-545-4950,355-449-0366,978-797-7252
vmaling1t@sohu.com,Valry,Maling,1978-05-09,738-831-1258,491-956-2948,691-673-7493
tbradnam1u@seesaa.net,Trev,Bradnam,1979-01-05,969-303-5376,624-627-9486,921-687-1307
taggus1v@webnode.com,Tamas,Aggus,1986-01-16,502-737-3298,829-225-6006,928-110-7700
jbrocklesby1w@g.co,Jill,Brocklesby,1993-10-01,978-750-5436,477-127-5034,308-369-0214
smelato1x@princeton.edu,Sophia,Melato,1989-09-24,976-807-9616,897-903-3348,847-528-1483
pkaplin1y@timesonline.co.uk,Pris,Kaplin,1986-02-13,874-182-9704,746-735-5337,577-546-0215
ggrabbam1z@t.co,Guthrie,Grabbam,1991-03-16,723-656-7366,440-840-1433,342-184-5751
tstamps20@hibu.com,Terese,Stamps,1994-04-24,513-878-8334,780-491-9777,752-656-8693
ipurkis21@drupal.org,Iormina,Purkis,1973-10-16,421-187-6811,875-480-5571,352-670-4932
gbartrum22@hhs.gov,Gale,Bartrum,1991-10-22,662-248-8897,399-295-8442,869-345-5581
fbrede23@va.gov,Fayre,Brede,1985-01-23,966-643-2056,836-843-1419,792-208-2992
ecarnalan24@blogtalkradio.com,Ephrem,Carnalan,1983-05-06,209-821-4366,933-632-0531,750-869-8854
mmatitiaho25@lycos.com,Melodee,Matitiaho,1990-05-19,919-324-6089,370-263-2925,405-223-4212
awadge26@netvibes.com,Anallese,Wadge,1989-10-05,116-496-4460,786-451-0322,325-291-7269
cmccrorie27@cnbc.com,Corbet,McCrorie,1977-03-02,890-562-4946,531-407-4280,767-303-8413
bstapley28@booking.com,Boone,Stapley,1983-03-01,811-399-7984,268-433-2574,888-208-6405
dschuchmacher29@dailymail.co.uk,Doti,Schuchmacher,1989-10-27,723-443-2764,645-533-2819,959-862-3153
vcoltart2a@studiopress.com,Vilhelmina,Coltart,1978-07-23,836-108-8315,916-503-0340,382-236-3269
laldus2b@indiatimes.com,Liane,Aldus,1986-06-09,208-541-3932,181-407-6624,122-624-2898
wsellner2c@indiatimes.com,Web,Sellner,1993-03-08,813-510-9035,719-563-2569,995-300-5918
pstodd2d@plala.or.jp,Phyllys,Stodd,1993-04-13,751-834-4992,212-859-5783,980-236-5675
iflatt2e@so-net.ne.jp,Ilene,Flatt,1986-03-18,784-781-4092,429-865-6834,482-268-3929
tproschke2f@is.gd,Trip,Proschke,1988-06-18,473-172-0874,790-245-1749,997-526-6458
cpenwell2g@redcross.org,Cristi,Penwell,1977-08-22,993-623-0855,165-336-7273,377-611-0781
aunger2h@nyu.edu,Annis,Unger,1981-06-18,299-403-4393,252-811-7412,209-455-2284
tgraddon2i@g.co,Tobit,Graddon,1993-11-07,904-769-3671,816-759-1623,191-827-1339
ekelle2j@printfriendly.com,Emlen,Kelle,1986-10-08,420-820-6263,366-868-2104,605-801-5531
hcristou2k@rakuten.co.jp,Hanson,Cristou,1981-08-18,783-784-4192,210-532-0164,199-507-3689
cwindle2l@hibu.com,Crissie,Windle,1971-04-09,156-564-3865,705-985-0200,965-476-7641
mmertin2m@nytimes.com,Maryellen,Mertin,1971-10-19,215-925-8478,280-761-1951,368-179-9297
lantonetti2n@joomla.org,Lilllie,Antonetti,1986-06-22,589-562-1181,706-278-4931,651-362-2200
koakden2o@va.gov,Ky,Oakden,1986-10-14,591-877-0196,710-473-0606,270-385-1097
zrickersy2p@virginia.edu,Zulema,Rickersy,1973-04-12,253-845-6284,697-948-7906,882-828-9103
mcuthbertson2q@hostgator.com,Marys,Cuthbertson,1988-03-19,848-383-1437,547-590-1305,654-609-3487
ksima2r@nbcnews.com,Kermy,Sima,1992-07-11,285-555-4101,720-738-4974,569-953-3877
